<?xml version="1.0" encoding="UTF-8"?>
<metadata xml:lang="en"><Esri><CreaDate>20210827</CreaDate><CreaTime>17514600</CreaTime><ArcGISFormat>1.0</ArcGISFormat><SyncOnce>TRUE</SyncOnce><DataProperties><lineage><Process Name="ASCII to Raster" ToolSource="c:\program files\arcgis\pro\Resources\ArcToolbox\toolboxes\Conversion Tools.tbx\ASCIIToRaster" Date="20210827" Time="175146">ASCIIToRaster Z:\Sedac\PM25\surface-pm2-5-v4-gl-03\data\ascii\ACAG_PM25_GWR_V4GL03_201901_201912_0p01-NoNegs-SIGDIG1.asc Z:\Sedac\PM25\surface-pm2-5-v4-gl-03\data\geotiff\ACAG_PM25_GWR_V4GL03_201901_201912_0p01_NoNegs_SIGDIG1.tif Float</Process><Process Name="Define Projection" ToolSource="c:\program files\arcgis\pro\Resources\ArcToolbox\toolboxes\Data Management Tools.tbx\DefineProjection" Date="20210901" Time="130127">DefineProjection Z:\Sedac\PM25\surface-pm2-5-v4-gl-03\data\geotiff\ACAG_PM25_GWR_V4GL03_201901_201912_0p01_NoNegs_SIGDIG1.tif GEOGCS['GCS_WGS_1984',DATUM['D_WGS_1984',SPHEROID['WGS_1984',6378137.0,298.257223563]],PRIMEM['Greenwich',0.0],UNIT['Degree',0.0174532925199433]]</Process><Process ToolSource="c:\program files\arcgis\pro\Resources\ArcToolbox\Toolboxes\Data Management Tools.tbx\Rename" Date="20211005" Time="165852">Rename Z:\Sedac\PM25\surface-pm2-5-v4-gl-03\data\geotiff\sdei-global-annual-gwr-pm2-5-modis-misr-seawifs-aod-v4-gl-03_2019.tif Z:\Sedac\PM25\surface-pm2-5-v4-gl-03\data\geotiff\sdei-global-annual-gwr-pm2-5-modis-misr-seawifs-aod-v4-gl-03-2019.tif RasterDataset</Process></lineage></DataProperties></Esri></metadata>
